Date,Springorumtrasse Fahrräder stadteinwärts,Springorumtrasse Fahrräder stadtauswärts
2018-11-22T12:00:00.000Z,295,323
2018-11-23T12:00:00.000Z,333,364
2018-11-24T12:00:00.000Z,78,81
2018-11-25T12:00:00.000Z,95,96
2018-11-26T12:00:00.000Z,307,301
2018-11-27T12:00:00.000Z,302,331
2018-11-28T12:00:00.000Z,301,322
2018-11-29T12:00:00.000Z,272,269
2018-11-30T12:00:00.000Z,324,352
2018-12-01T12:00:00.000Z,199,223
2018-12-02T12:00:00.000Z,50,45
2018-12-03T12:00:00.000Z,212,239
2018-12-04T12:00:00.000Z,359,364
2018-12-05T12:00:00.000Z,316,330
2018-12-06T12:00:00.000Z,240,229
2018-12-07T12:00:00.000Z,188,186
2018-12-08T12:00:00.000Z,59,61
2018-12-09T12:00:00.000Z,60,58
2018-12-10T12:00:00.000Z,298,294
2018-12-11T12:00:00.000Z,306,323
2018-12-12T12:00:00.000Z,299,319
2018-12-13T12:00:00.000Z,265,295
2018-12-14T12:00:00.000Z,272,284
2018-12-15T12:00:00.000Z,98,91
2018-12-16T12:00:00.000Z,48,49
2018-12-17T12:00:00.000Z,201,216
2018-12-18T12:00:00.000Z,293,301
2018-12-19T12:00:00.000Z,250,260
2018-12-20T12:00:00.000Z,209,195
2018-12-21T12:00:00.000Z,57,53
2018-12-22T12:00:00.000Z,75,87
2018-12-23T12:00:00.000Z,60,81
2018-12-24T12:00:00.000Z,128,126
2018-12-25T12:00:00.000Z,124,115
2018-12-26T12:00:00.000Z,122,131
2018-12-27T12:00:00.000Z,182,188
2018-12-28T12:00:00.000Z,149,147
2018-12-29T12:00:00.000Z,88,99
2018-12-30T12:00:00.000Z,174,212
2018-12-31T12:00:00.000Z,126,131
2019-01-01T12:00:00.000Z,68,61
2019-01-02T12:00:00.000Z,205,220
2019-01-03T12:00:00.000Z,139,155
2019-01-04T12:00:00.000Z,104,120
2019-01-05T12:00:00.000Z,61,64
2019-01-06T12:00:00.000Z,99,83
2019-01-07T12:00:00.000Z,234,249
2019-01-08T12:00:00.000Z,194,205
2019-01-09T12:00:00.000Z,268,265
2019-01-10T12:00:00.000Z,271,285
2019-01-11T12:00:00.000Z,212,202
2019-01-12T12:00:00.000Z,72,71
2019-01-13T12:00:00.000Z,31,37
2019-01-14T12:00:00.000Z,238,245
2019-01-15T12:00:00.000Z,275,291
2019-01-16T12:00:00.000Z,308,323
2019-01-17T12:00:00.000Z,215,238
2019-01-18T12:00:00.000Z,280,297
2019-01-19T12:00:00.000Z,140,160
2019-01-20T12:00:00.000Z,169,182
2019-01-21T12:00:00.000Z,274,289
2019-01-22T12:00:00.000Z,271,274
2019-01-23T12:00:00.000Z,123,145
2019-01-24T12:00:00.000Z,156,166
2019-01-25T12:00:00.000Z,183,179
2019-01-26T12:00:00.000Z,81,89
2019-01-27T12:00:00.000Z,82,85
2019-01-28T12:00:00.000Z,155,151
2019-01-29T12:00:00.000Z,263,282
2019-01-30T12:00:00.000Z,175,187
2019-01-31T12:00:00.000Z,100,86
2019-02-01T12:00:00.000Z,101,105
2019-02-02T12:00:00.000Z,22,27
2019-02-03T12:00:00.000Z,58,73
2019-02-04T12:00:00.000Z,177,208
2019-02-05T12:00:00.000Z,198,227
2019-02-06T12:00:00.000Z,267,313
2019-02-07T12:00:00.000Z,250,267
2019-02-08T12:00:00.000Z,248,246
2019-02-09T12:00:00.000Z,137,130
2019-02-10T12:00:00.000Z,42,47
2019-02-11T12:00:00.000Z,257,272
2019-02-12T12:00:00.000Z,306,345
2019-02-13T12:00:00.000Z,41,50
2019-02-14T12:00:00.000Z,46,45
2019-02-15T12:00:00.000Z,288,295
2019-02-16T12:00:00.000Z,579,642
2019-02-17T12:00:00.000Z,715,773
2019-02-18T12:00:00.000Z,591,624
2019-02-19T12:00:00.000Z,374,412
2019-02-20T12:00:00.000Z,414,434
2019-02-21T12:00:00.000Z,355,415
2019-02-22T12:00:00.000Z,445,396
2019-02-23T12:00:00.000Z,484,534
2019-02-24T12:00:00.000Z,787,862
2019-02-25T12:00:00.000Z,591,635
2019-02-26T12:00:00.000Z,624,635
2019-02-27T12:00:00.000Z,727,793
2019-02-28T12:00:00.000Z,391,427
2019-03-01T12:00:00.000Z,242,269
2019-03-02T12:00:00.000Z,205,231
2019-03-03T12:00:00.000Z,43,45
2019-03-04T12:00:00.000Z,102,100
2019-03-05T12:00:00.000Z,225,241
2019-03-06T12:00:00.000Z,229,267
2019-03-07T12:00:00.000Z,181,196
2019-03-08T12:00:00.000Z,285,300
2019-03-09T12:00:00.000Z,87,109
2019-03-10T12:00:00.000Z,29,32
2019-03-11T12:00:00.000Z,172,182
2019-03-12T12:00:00.000Z,272,277
2019-03-13T12:00:00.000Z,160,166
2019-03-14T12:00:00.000Z,153,154
2019-03-15T12:00:00.000Z,184,185
2019-03-16T12:00:00.000Z,101,114
2019-03-17T12:00:00.000Z,109,94
2019-03-18T12:00:00.000Z,306,298
2019-03-19T12:00:00.000Z,467,466
2019-03-20T12:00:00.000Z,385,394
2019-03-21T12:00:00.000Z,625,639
2019-03-22T12:00:00.000Z,746,826
2019-03-23T12:00:00.000Z,290,293
2019-03-24T12:00:00.000Z,647,678
2019-03-25T12:00:00.000Z,228,231
2019-03-26T12:00:00.000Z,340,359
2019-03-27T12:00:00.000Z,443,474
2019-03-28T12:00:00.000Z,434,456
2019-03-29T12:00:00.000Z,708,715
2019-03-30T12:00:00.000Z,733,730
2019-03-31T12:00:00.000Z,391,413
2019-04-01T12:00:00.000Z,643,671
2019-04-02T12:00:00.000Z,425,457
2019-04-03T12:00:00.000Z,335,338
2019-04-04T12:00:00.000Z,268,279
2019-04-05T12:00:00.000Z,389,404
2019-04-06T12:00:00.000Z,515,469
2019-04-07T12:00:00.000Z,1111,1150
2019-04-08T12:00:00.000Z,760,808
2019-04-09T12:00:00.000Z,586,625
2019-04-10T12:00:00.000Z,534,575
2019-04-11T12:00:00.000Z,456,501
2019-04-12T12:00:00.000Z,304,287
2019-04-13T12:00:00.000Z,143,154
2019-04-14T12:00:00.000Z,337,332
2019-04-15T12:00:00.000Z,494,517
2019-04-16T12:00:00.000Z,598,645
2019-04-17T12:00:00.000Z,383,412
2019-04-18T12:00:00.000Z,563,583
2019-04-19T12:00:00.000Z,986,1136
2019-04-20T12:00:00.000Z,554,650
2019-04-21T12:00:00.000Z,689,796
2019-04-22T12:00:00.000Z,1091,1212
2019-04-23T12:00:00.000Z,637,674
2019-04-24T12:00:00.000Z,474,528
2019-04-25T12:00:00.000Z,442,457
2019-04-26T12:00:00.000Z,338,342
2019-04-27T12:00:00.000Z,105,111
2019-04-28T12:00:00.000Z,372,395
2019-04-29T12:00:00.000Z,570,568
2019-04-30T12:00:00.000Z,712,733
2019-05-01T12:00:00.000Z,870,1043
2019-05-02T12:00:00.000Z,395,435
2019-05-03T12:00:00.000Z,404,443
2019-05-04T12:00:00.000Z,184,202
2019-05-05T12:00:00.000Z,244,235
2019-05-06T12:00:00.000Z,392,372
2019-05-07T12:00:00.000Z,488,524
2019-05-08T12:00:00.000Z,333,341
2019-05-09T12:00:00.000Z,505,536
2019-05-10T12:00:00.000Z,327,343
2019-05-11T12:00:00.000Z,240,234
2019-05-12T12:00:00.000Z,613,651
2019-05-13T12:00:00.000Z,731,801
2019-05-14T12:00:00.000Z,641,705
2019-05-15T12:00:00.000Z,779,804
2019-05-16T12:00:00.000Z,494,506
2019-05-17T12:00:00.000Z,438,468
2019-05-18T12:00:00.000Z,549,569
2019-05-19T12:00:00.000Z,762,856
2019-05-20T12:00:00.000Z,434,425
2019-05-21T12:00:00.000Z,243,249
2019-05-22T12:00:00.000Z,661,690
2019-05-23T12:00:00.000Z,816,873
2019-05-24T12:00:00.000Z,713,732
2019-05-25T12:00:00.000Z,600,692
2019-05-26T12:00:00.000Z,817,849
2019-05-27T12:00:00.000Z,585,600
2019-05-28T12:00:00.000Z,407,403
2019-05-29T12:00:00.000Z,803,807
2019-05-30T12:00:00.000Z,495,593
2019-05-31T12:00:00.000Z,645,692
2019-06-01T12:00:00.000Z,777,878
2019-06-02T12:00:00.000Z,971,1076
2019-06-03T12:00:00.000Z,382,397
2019-06-04T12:00:00.000Z,849,934
2019-06-05T12:00:00.000Z,869,930
2019-06-06T12:00:00.000Z,468,519
2019-06-07T12:00:00.000Z,700,797
2019-06-08T12:00:00.000Z,322,305
2019-06-09T12:00:00.000Z,1181,1431
2019-06-10T12:00:00.000Z,882,1044
2019-06-11T12:00:00.000Z,539,581
2019-06-12T12:00:00.000Z,494,542
2019-06-13T12:00:00.000Z,742,855
2019-06-14T12:00:00.000Z,907,957
2019-06-15T12:00:00.000Z,541,527
2019-06-16T12:00:00.000Z,1177,1368
2019-06-17T12:00:00.000Z,1008,1089
2019-06-18T12:00:00.000Z,924,990
2019-06-19T12:00:00.000Z,668,690
2019-06-20T12:00:00.000Z,1013,1090
2019-06-21T12:00:00.000Z,832,911
2019-06-22T12:00:00.000Z,793,879
2019-06-23T12:00:00.000Z,1098,1270
2019-06-24T12:00:00.000Z,878,950
2019-06-25T12:00:00.000Z,844,938
2019-06-26T12:00:00.000Z,812,923
2019-06-27T12:00:00.000Z,970,1075
2019-06-28T12:00:00.000Z,947,1036
2019-06-29T12:00:00.000Z,711,770
2019-06-30T12:00:00.000Z,744,841
2019-07-01T12:00:00.000Z,885,961
2019-07-02T12:00:00.000Z,953,1007
2019-07-03T12:00:00.000Z,979,1020
2019-07-04T12:00:00.000Z,1017,1115
2019-07-05T12:00:00.000Z,914,988
2019-07-06T12:00:00.000Z,671,692
2019-07-07T12:00:00.000Z,845,909
2019-07-08T12:00:00.000Z,708,746
2019-07-09T12:00:00.000Z,818,861
2019-07-10T12:00:00.000Z,891,1046
2019-07-11T12:00:00.000Z,399,446
2019-07-12T12:00:00.000Z,519,551
2019-07-13T12:00:00.000Z,529,567
2019-07-14T12:00:00.000Z,775,877
2019-07-15T12:00:00.000Z,621,692
2019-07-16T12:00:00.000Z,673,711
2019-07-17T12:00:00.000Z,758,847
2019-07-18T12:00:00.000Z,765,893
2019-07-19T12:00:00.000Z,684,775
2019-07-20T12:00:00.000Z,377,456
2019-07-21T12:00:00.000Z,898,1099
2019-07-22T12:00:00.000Z,817,955
2019-07-23T12:00:00.000Z,809,862
2019-07-24T12:00:00.000Z,674,693
2019-07-25T12:00:00.000Z,518,531
2019-07-26T12:00:00.000Z,496,505
2019-07-27T12:00:00.000Z,425,455
2019-07-28T12:00:00.000Z,598,691
2019-07-29T12:00:00.000Z,832,910
2019-07-30T12:00:00.000Z,794,856
2019-07-31T12:00:00.000Z,648,665
2019-08-01T12:00:00.000Z,639,722
2019-08-02T12:00:00.000Z,473,508
2019-08-03T12:00:00.000Z,436,491
2019-08-04T12:00:00.000Z,1010,1169
2019-08-05T12:00:00.000Z,691,725
2019-08-06T12:00:00.000Z,602,641
2019-08-07T12:00:00.000Z,620,674
2019-08-08T12:00:00.000Z,722,870
2019-08-09T12:00:00.000Z,387,417
2019-08-10T12:00:00.000Z,456,518
2019-08-11T12:00:00.000Z,820,958
2019-08-12T12:00:00.000Z,483,524
2019-08-13T12:00:00.000Z,373,410
2019-08-14T12:00:00.000Z,772,842
2019-08-15T12:00:00.000Z,260,282
2019-08-16T12:00:00.000Z,620,717
2019-08-17T12:00:00.000Z,278,321
2019-08-18T12:00:00.000Z,168,205
2019-08-19T12:00:00.000Z,726,819
2019-08-20T12:00:00.000Z,773,825
2019-08-21T12:00:00.000Z,833,976
2019-08-22T12:00:00.000Z,863,1018
2019-08-23T12:00:00.000Z,833,966
2019-08-24T12:00:00.000Z,804,913
2019-08-25T12:00:00.000Z,917,1076
2019-08-26T12:00:00.000Z,717,765
2019-08-27T12:00:00.000Z,776,867
2019-08-28T12:00:00.000Z,965,1089
2019-08-29T12:00:00.000Z,590,629
2019-08-30T12:00:00.000Z,1053,1120
2019-08-31T12:00:00.000Z,738,890
2019-09-01T12:00:00.000Z,549,599
2019-09-02T12:00:00.000Z,920,1005
2019-09-03T12:00:00.000Z,823,931
2019-09-04T12:00:00.000Z,755,791
2019-09-05T12:00:00.000Z,621,672
2019-09-06T12:00:00.000Z,821,909
2019-09-07T12:00:00.000Z,389,415
2019-09-08T12:00:00.000Z,463,460
2019-09-09T12:00:00.000Z,672,737
2019-09-10T12:00:00.000Z,830,939
2019-09-11T12:00:00.000Z,628,662
2019-09-12T12:00:00.000Z,668,745
2019-09-13T12:00:00.000Z,530,524
2019-09-14T12:00:00.000Z,708,889
2019-09-15T12:00:00.000Z,1095,1232
2019-09-16T12:00:00.000Z,434,437
2019-09-17T12:00:00.000Z,652,706
2019-09-18T12:00:00.000Z,675,719
2019-09-19T12:00:00.000Z,732,793
2019-09-20T12:00:00.000Z,830,868
2019-09-21T12:00:00.000Z,867,892
2019-09-22T12:00:00.000Z,976,1077
2019-09-23T12:00:00.000Z,471,496
2019-09-24T12:00:00.000Z,648,670
2019-09-25T12:00:00.000Z,529,595
2019-09-26T12:00:00.000Z,415,449
2019-09-27T12:00:00.000Z,594,661
2019-09-28T12:00:00.000Z,213,214
2019-09-29T12:00:00.000Z,108,109
2019-09-30T12:00:00.000Z,287,306
2019-10-01T12:00:00.000Z,302,304
2019-10-02T12:00:00.000Z,450,502
2019-10-03T12:00:00.000Z,312,315
2019-10-04T12:00:00.000Z,171,177
2019-10-05T12:00:00.000Z,324,348
2019-10-06T12:00:00.000Z,130,149
2019-10-07T12:00:00.000Z,563,614
2019-10-08T12:00:00.000Z,298,327
2019-10-09T12:00:00.000Z,411,429
2019-10-10T12:00:00.000Z,494,532
2019-10-11T12:00:00.000Z,356,378
2019-10-12T12:00:00.000Z,428,514
2019-10-13T12:00:00.000Z,699,813
2019-10-14T12:00:00.000Z,588,637
2019-10-15T12:00:00.000Z,377,425
2019-10-16T12:00:00.000Z,337,343
2019-10-17T12:00:00.000Z,204,222
2019-10-18T12:00:00.000Z,281,274
2019-10-19T12:00:00.000Z,101,110
2019-10-20T12:00:00.000Z,108,104
2019-10-21T12:00:00.000Z,361,409
2019-10-22T12:00:00.000Z,386,434
2019-10-23T12:00:00.000Z,523,573
2019-10-24T12:00:00.000Z,558,603
2019-10-25T12:00:00.000Z,442,498
2019-10-26T12:00:00.000Z,583,650
2019-10-27T12:00:00.000Z,270,313
2019-10-28T12:00:00.000Z,493,567
2019-10-29T12:00:00.000Z,607,598
2019-10-30T12:00:00.000Z,535,532
2019-10-31T12:00:00.000Z,471,526
2019-11-01T12:00:00.000Z,146,177
2019-11-02T12:00:00.000Z,160,168
2019-11-03T12:00:00.000Z,329,334
2019-11-04T12:00:00.000Z,438,462
2019-11-05T12:00:00.000Z,400,422
2019-11-06T12:00:00.000Z,307,317
2019-11-07T12:00:00.000Z,345,389
2019-11-08T12:00:00.000Z,484,526
2019-11-09T12:00:00.000Z,175,178
2019-11-10T12:00:00.000Z,346,385
2019-11-11T12:00:00.000Z,415,457
2019-11-12T12:00:00.000Z,330,353
2019-11-13T12:00:00.000Z,345,368
2019-11-14T12:00:00.000Z,434,466
2019-11-15T12:00:00.000Z,403,425
2019-11-16T12:00:00.000Z,245,275
2019-11-17T12:00:00.000Z,213,198
2019-11-18T12:00:00.000Z,223,248
2019-11-19T12:00:00.000Z,273,312
2019-11-20T12:00:00.000Z,403,429
2019-11-21T12:00:00.000Z,348,376
2019-11-22T12:00:00.000Z,362,361
2019-11-23T12:00:00.000Z,257,291
2019-11-24T12:00:00.000Z,366,411
2019-11-25T12:00:00.000Z,449,444
2019-11-26T12:00:00.000Z,405,473
2019-11-27T12:00:00.000Z,335,346
2019-11-28T12:00:00.000Z,254,259
2019-11-29T12:00:00.000Z,382,418
2019-11-30T12:00:00.000Z,198,229
2019-12-01T12:00:00.000Z,129,123
2019-12-02T12:00:00.000Z,355,356
2019-12-03T12:00:00.000Z,347,354
2019-12-04T12:00:00.000Z,440,423
2019-12-05T12:00:00.000Z,325,366
2019-12-06T12:00:00.000Z,232,257
2019-12-07T12:00:00.000Z,146,170
2019-12-08T12:00:00.000Z,79,75
2019-12-09T12:00:00.000Z,232,234
2019-12-10T12:00:00.000Z,402,412
2019-12-11T12:00:00.000Z,226,224
2019-12-12T12:00:00.000Z,352,376
2019-12-13T12:00:00.000Z,238,243
2019-12-14T12:00:00.000Z,100,90
2019-12-15T12:00:00.000Z,183,182
2019-12-16T12:00:00.000Z,339,331
2019-12-17T12:00:00.000Z,477,486
2019-12-18T12:00:00.000Z,410,428
2019-12-19T12:00:00.000Z,502,546
2019-12-20T12:00:00.000Z,312,310
2019-12-21T12:00:00.000Z,250,249
2019-12-22T12:00:00.000Z,147,151
2019-12-23T12:00:00.000Z,167,168
2019-12-24T12:00:00.000Z,54,44
2019-12-25T12:00:00.000Z,100,124
2019-12-26T12:00:00.000Z,175,189
2019-12-27T12:00:00.000Z,255,255
2019-12-28T12:00:00.000Z,142,149
2019-12-29T12:00:00.000Z,184,193
2019-12-30T12:00:00.000Z,288,298
2019-12-31T12:00:00.000Z,112,138
2020-01-01T12:00:00.000Z,151,170
2020-01-02T12:00:00.000Z,160,163
2020-01-03T12:00:00.000Z,138,119
2020-01-04T12:00:00.000Z,131,147
2020-01-05T12:00:00.000Z,232,243
2020-01-06T12:00:00.000Z,333,342
2020-01-07T12:00:00.000Z,410,415
2020-01-08T12:00:00.000Z,337,352
2020-01-09T12:00:00.000Z,306,326
2020-01-10T12:00:00.000Z,297,304
2020-01-11T12:00:00.000Z,290,305
2020-01-12T12:00:00.000Z,180,196
2020-01-13T12:00:00.000Z,445,459
2020-01-14T12:00:00.000Z,290,315
2020-01-15T12:00:00.000Z,458,465
2020-01-16T12:00:00.000Z,510,560
2020-01-17T12:00:00.000Z,368,356
2020-01-18T12:00:00.000Z,158,161
2020-01-19T12:00:00.000Z,220,246
2020-01-20T12:00:00.000Z,386,421
2020-01-21T12:00:00.000Z,439,442
2020-01-22T12:00:00.000Z,323,317
2020-01-23T12:00:00.000Z,351,383
2020-01-24T12:00:00.000Z,349,367
2020-01-25T12:00:00.000Z,175,168
2020-01-26T12:00:00.000Z,357,401
2020-01-27T12:00:00.000Z,263,266
2020-01-28T12:00:00.000Z,230,220
2020-01-29T12:00:00.000Z,325,338
2020-01-30T12:00:00.000Z,420,437
2020-01-31T12:00:00.000Z,376,403
2020-02-01T12:00:00.000Z,105,121
2020-02-02T12:00:00.000Z,82,75
2020-02-03T12:00:00.000Z,379,388
2020-02-04T12:00:00.000Z,281,305
2020-02-05T12:00:00.000Z,453,472
2020-02-06T12:00:00.000Z,417,415
2020-02-07T12:00:00.000Z,511,529
2020-02-08T12:00:00.000Z,256,269
2020-02-09T12:00:00.000Z,86,88
2020-02-10T12:00:00.000Z,83,89
2020-02-11T12:00:00.000Z,199,205
2020-02-12T12:00:00.000Z,275,271
2020-02-13T12:00:00.000Z,258,278
2020-02-14T12:00:00.000Z,321,319
2020-02-15T12:00:00.000Z,445,484
2020-02-16T12:00:00.000Z,96,102
2020-02-17T12:00:00.000Z,398,413
2020-02-18T12:00:00.000Z,380,408
2020-02-19T12:00:00.000Z,380,337
2020-02-20T12:00:00.000Z,342,359
2020-02-21T12:00:00.000Z,456,457
2020-02-22T12:00:00.000Z,140,133
2020-02-23T12:00:00.000Z,20,23
2020-02-24T12:00:00.000Z,153,164
2020-02-25T12:00:00.000Z,242,263
2020-02-26T12:00:00.000Z,170,180
2020-02-27T12:00:00.000Z,285,274
2020-02-28T12:00:00.000Z,376,367
2020-02-29T12:00:00.000Z,222,224
2020-03-01T12:00:00.000Z,297,309
2020-03-02T12:00:00.000Z,344,359
2020-03-03T12:00:00.000Z,457,468
2020-03-04T12:00:00.000Z,429,429
2020-03-05T12:00:00.000Z,276,312
2020-03-06T12:00:00.000Z,220,231
2020-03-07T12:00:00.000Z,379,395
2020-03-08T12:00:00.000Z,298,319
2020-03-09T12:00:00.000Z,400,419
2020-03-10T12:00:00.000Z,193,214
2020-03-11T12:00:00.000Z,280,275
2020-03-12T12:00:00.000Z,416,428
2020-03-13T12:00:00.000Z,342,327
2020-03-14T12:00:00.000Z,585,638
2020-03-15T12:00:00.000Z,1012,1075
2020-03-16T12:00:00.000Z,666,703
2020-03-17T12:00:00.000Z,827,910
2020-03-18T12:00:00.000Z,916,1034
2020-03-19T12:00:00.000Z,660,730
2020-03-20T12:00:00.000Z,293,303
2020-03-21T12:00:00.000Z,476,494
2020-03-22T12:00:00.000Z,636,741
2020-03-23T12:00:00.000Z,527,551
2020-03-24T12:00:00.000Z,713,716
2020-03-25T12:00:00.000Z,720,797
2020-03-26T12:00:00.000Z,669,676
2020-03-27T12:00:00.000Z,927,1005
2020-03-28T12:00:00.000Z,1129,1323
2020-03-29T12:00:00.000Z,137,129
2020-03-30T12:00:00.000Z,346,355
2020-03-31T12:00:00.000Z,562,595
2020-04-01T12:00:00.000Z,707,797
2020-04-02T12:00:00.000Z,488,500
2020-04-03T12:00:00.000Z,340,375
2020-04-04T12:00:00.000Z,1019,1112
2020-04-05T12:00:00.000Z,1508,1724
2020-04-06T12:00:00.000Z,1114,1241
2020-04-07T12:00:00.000Z,994,1045
2020-04-08T12:00:00.000Z,1195,1397
2020-04-09T12:00:00.000Z,1089,1207
2020-04-10T12:00:00.000Z,1445,1639
2020-04-11T12:00:00.000Z,1291,1421
2020-04-12T12:00:00.000Z,1415,1547
2020-04-13T12:00:00.000Z,705,779
2020-04-14T12:00:00.000Z,530,588
2020-04-15T12:00:00.000Z,1148,1216
2020-04-16T12:00:00.000Z,1301,1495
2020-04-17T12:00:00.000Z,1227,1363
2020-04-18T12:00:00.000Z,911,1000
2020-04-19T12:00:00.000Z,1534,1815
2020-04-20T12:00:00.000Z,880,958
2020-04-21T12:00:00.000Z,887,914
2020-04-22T12:00:00.000Z,1118,1169
2020-04-23T12:00:00.000Z,1344,1446
2020-04-24T12:00:00.000Z,1128,1215
2020-04-25T12:00:00.000Z,1128,1211
2020-04-26T12:00:00.000Z,1696,2004
2020-04-27T12:00:00.000Z,1302,1398
2020-04-28T12:00:00.000Z,431,472
2020-04-29T12:00:00.000Z,523,541
2020-04-30T12:00:00.000Z,488,511
2020-05-01T12:00:00.000Z,565,634
2020-05-02T12:00:00.000Z,270,293
2020-05-03T12:00:00.000Z,1336,1470
2020-05-04T12:00:00.000Z,599,642
2020-05-05T12:00:00.000Z,926,1011
2020-05-06T12:00:00.000Z,1146,1278
2020-05-07T12:00:00.000Z,1170,1329
2020-05-08T12:00:00.000Z,1154,1261
2020-05-09T12:00:00.000Z,1273,1538
2020-05-10T12:00:00.000Z,547,616
2020-05-11T12:00:00.000Z,571,537
2020-05-12T12:00:00.000Z,676,728
2020-05-13T12:00:00.000Z,725,765
2020-05-14T12:00:00.000Z,832,862
2020-05-15T12:00:00.000Z,884,944
2020-05-16T12:00:00.000Z,874,987
2020-05-17T12:00:00.000Z,1493,1677
2020-05-18T12:00:00.000Z,1012,1148
2020-05-19T12:00:00.000Z,1026,1150
2020-05-20T12:00:00.000Z,1025,1087
2020-05-21T12:00:00.000Z,1542,1885
2020-05-22T12:00:00.000Z,762,866
2020-05-23T12:00:00.000Z,792,899
2020-05-24T12:00:00.000Z,578,608
2020-05-25T12:00:00.000Z,840,850
2020-05-26T12:00:00.000Z,1213,1351
2020-05-27T12:00:00.000Z,1200,1304
2020-05-28T12:00:00.000Z,1240,1282
2020-05-29T12:00:00.000Z,1095,1195
2020-05-30T12:00:00.000Z,1035,1183
2020-05-31T12:00:00.000Z,1294,1415
2020-06-01T12:00:00.000Z,1579,1817
2020-06-02T12:00:00.000Z,1104,1254
2020-06-03T12:00:00.000Z,1123,1208
2020-06-04T12:00:00.000Z,287,307
2020-06-05T12:00:00.000Z,322,341
2020-06-06T12:00:00.000Z,507,535
2020-06-07T12:00:00.000Z,709,840
2020-06-08T12:00:00.000Z,784,841
2020-06-09T12:00:00.000Z,894,978
2020-06-10T12:00:00.000Z,759,753
2020-06-11T12:00:00.000Z,1196,1383
2020-06-12T12:00:00.000Z,1230,1434
2020-06-13T12:00:00.000Z,876,993
2020-06-14T12:00:00.000Z,504,532
2020-06-15T12:00:00.000Z,910,996
2020-06-16T12:00:00.000Z,574,595
2020-06-17T12:00:00.000Z,818,873
2020-06-18T12:00:00.000Z,715,744
2020-06-19T12:00:00.000Z,1052,1191
2020-06-20T12:00:00.000Z,978,1226
2020-06-21T12:00:00.000Z,1389,1671
2020-06-22T12:00:00.000Z,943,1043
2020-06-23T12:00:00.000Z,1336,1379
2020-06-24T12:00:00.000Z,1204,1342
2020-06-25T12:00:00.000Z,1085,1236
2020-06-26T12:00:00.000Z,1135,1265
2020-06-27T12:00:00.000Z,668,758
2020-06-28T12:00:00.000Z,841,860
2020-06-29T12:00:00.000Z,767,852
2020-06-30T12:00:00.000Z,779,852
2020-07-01T12:00:00.000Z,210,212
2020-07-02T12:00:00.000Z,699,715
2020-07-03T12:00:00.000Z,779,866
2020-07-04T12:00:00.000Z,529,582
2020-07-05T12:00:00.000Z,448,503
2020-07-06T12:00:00.000Z,484,556
2020-07-07T12:00:00.000Z,794,844
2020-07-08T12:00:00.000Z,343,357
2020-07-09T12:00:00.000Z,475,523
2020-07-10T12:00:00.000Z,429,474
2020-07-11T12:00:00.000Z,852,946
2020-07-12T12:00:00.000Z,1262,1432
2020-07-13T12:00:00.000Z,1056,1160
2020-07-14T12:00:00.000Z,627,715
2020-07-15T12:00:00.000Z,727,764
2020-07-16T12:00:00.000Z,310,320
2020-07-17T12:00:00.000Z,789,848
2020-07-18T12:00:00.000Z,912,1022
2020-07-19T12:00:00.000Z,1153,1344
2020-07-20T12:00:00.000Z,687,743
2020-07-21T12:00:00.000Z,957,1056
2020-07-22T12:00:00.000Z,980,1135
2020-07-23T12:00:00.000Z,1105,1229
2020-07-24T12:00:00.000Z,711,725
2020-07-25T12:00:00.000Z,647,753
2020-07-26T12:00:00.000Z,725,834
2020-07-27T12:00:00.000Z,767,815
2020-07-28T12:00:00.000Z,823,917
2020-07-29T12:00:00.000Z,974,1121
2020-07-30T12:00:00.000Z,1099,1231
2020-07-31T12:00:00.000Z,928,1024
2020-08-01T12:00:00.000Z,649,816
2020-08-02T12:00:00.000Z,1014,1133
2020-08-03T12:00:00.000Z,896,956
2020-08-04T12:00:00.000Z,1011,1189
2020-08-05T12:00:00.000Z,1093,1250
2020-08-06T12:00:00.000Z,948,1133
2020-08-07T12:00:00.000Z,836,962
2020-08-08T12:00:00.000Z,722,810
2020-08-09T12:00:00.000Z,820,1026
2020-08-10T12:00:00.000Z,924,992
2020-08-11T12:00:00.000Z,822,841
2020-08-12T12:00:00.000Z,1059,1150
2020-08-13T12:00:00.000Z,849,911
2020-08-14T12:00:00.000Z,950,1039
2020-08-15T12:00:00.000Z,630,635
2020-08-16T12:00:00.000Z,1007,1167
2020-08-17T12:00:00.000Z,851,895
2020-08-18T12:00:00.000Z,1181,1267
2020-08-19T12:00:00.000Z,1272,1376
2020-08-20T12:00:00.000Z,1038,1137
2020-08-21T12:00:00.000Z,765,832
2020-08-22T12:00:00.000Z,899,1043
2020-08-23T12:00:00.000Z,772,852
2020-08-24T12:00:00.000Z,838,911
2020-08-25T12:00:00.000Z,878,888
2020-08-26T12:00:00.000Z,351,352
2020-08-27T12:00:00.000Z,1102,1188
2020-08-28T12:00:00.000Z,947,1043
2020-08-29T12:00:00.000Z,889,921
2020-08-30T12:00:00.000Z,1020,1164
2020-08-31T12:00:00.000Z,940,992
2020-09-01T12:00:00.000Z,1139,1157
2020-09-02T12:00:00.000Z,1263,1338
2020-09-03T12:00:00.000Z,567,595
2020-09-04T12:00:00.000Z,545,563
2020-09-05T12:00:00.000Z,479,556
2020-09-06T12:00:00.000Z,1064,1138
2020-09-07T12:00:00.000Z,1107,1219
2020-09-08T12:00:00.000Z,986,1098
2020-09-09T12:00:00.000Z,936,960
2020-09-10T12:00:00.000Z,1105,1263
2020-09-11T12:00:00.000Z,1146,1233
2020-09-12T12:00:00.000Z,889,1008
2020-09-13T12:00:00.000Z,1216,1342
2020-09-14T12:00:00.000Z,1183,1362
2020-09-15T12:00:00.000Z,1238,1349
2020-09-16T12:00:00.000Z,1225,1306
2020-09-17T12:00:00.000Z,1066,1155
2020-09-18T12:00:00.000Z,1091,1193
2020-09-19T12:00:00.000Z,906,1070
2020-09-20T12:00:00.000Z,1214,1290
2020-09-21T12:00:00.000Z,1116,1200
2020-09-22T12:00:00.000Z,1318,1395
2020-09-23T12:00:00.000Z,1142,1225
2020-09-24T12:00:00.000Z,874,973
2020-09-25T12:00:00.000Z,758,794
2020-09-26T12:00:00.000Z,259,269
2020-09-27T12:00:00.000Z,524,529
2020-09-28T12:00:00.000Z,572,637
2020-09-29T12:00:00.000Z,648,674
2020-09-30T12:00:00.000Z,949,1030
2020-10-01T12:00:00.000Z,572,649
2020-10-02T12:00:00.000Z,861,902
2020-10-03T12:00:00.000Z,363,393
2020-10-04T12:00:00.000Z,383,426
2020-10-05T12:00:00.000Z,561,577
2020-10-06T12:00:00.000Z,390,393
2020-10-07T12:00:00.000Z,437,425
2020-10-08T12:00:00.000Z,489,539
2020-10-09T12:00:00.000Z,711,777
2020-10-10T12:00:00.000Z,391,416
2020-10-11T12:00:00.000Z,456,486
2020-10-12T12:00:00.000Z,442,448
2020-10-13T12:00:00.000Z,561,649
2020-10-14T12:00:00.000Z,396,417
2020-10-15T12:00:00.000Z,341,366
2020-10-16T12:00:00.000Z,464,462
2020-10-17T12:00:00.000Z,445,431
2020-10-18T12:00:00.000Z,498,530
2020-10-19T12:00:00.000Z,535,591
2020-10-20T12:00:00.000Z,387,437
2020-10-21T12:00:00.000Z,442,492
2020-10-22T12:00:00.000Z,465,503
2020-10-23T12:00:00.000Z,341,342
2020-10-24T12:00:00.000Z,512,587
2020-10-25T12:00:00.000Z,147,148
2020-10-26T12:00:00.000Z,543,576
2020-10-27T12:00:00.000Z,660,694
2020-10-28T12:00:00.000Z,719,760
2020-10-29T12:00:00.000Z,567,590
2020-10-30T12:00:00.000Z,454,492
2020-10-31T12:00:00.000Z,815,970
2020-11-01T12:00:00.000Z,400,435
2020-11-02T12:00:00.000Z,638,618
2020-11-03T12:00:00.000Z,799,890
2020-11-04T12:00:00.000Z,780,842
2020-11-05T12:00:00.000Z,746,780
2020-11-06T12:00:00.000Z,845,919
2020-11-07T12:00:00.000Z,934,1137
2020-11-08T12:00:00.000Z,915,1128
2020-11-09T12:00:00.000Z,771,812
2020-11-10T12:00:00.000Z,883,965
2020-11-11T12:00:00.000Z,700,799
2020-11-12T12:00:00.000Z,596,626
2020-11-13T12:00:00.000Z,687,773
2020-11-14T12:00:00.000Z,787,943
2020-11-15T12:00:00.000Z,701,773
2020-11-16T12:00:00.000Z,532,531
2020-11-17T12:00:00.000Z,438,480
2020-11-18T12:00:00.000Z,964,1139
2020-11-19T12:00:00.000Z,403,443
2020-11-20T12:00:00.000Z,628,694
2020-11-21T12:00:00.000Z,340,366
2020-11-22T12:00:00.000Z,156,178
2020-11-23T12:00:00.000Z,703,743
2020-11-24T12:00:00.000Z,664,727
2020-11-25T12:00:00.000Z,663,731
2020-11-26T12:00:00.000Z,576,577
2020-11-27T12:00:00.000Z,673,732
2020-11-28T12:00:00.000Z,446,479
2020-11-29T12:00:00.000Z,351,387
2020-11-30T12:00:00.000Z,390,406
2020-12-01T12:00:00.000Z,298,331
2020-12-02T12:00:00.000Z,401,421
2020-12-03T12:00:00.000Z,394,414
2020-12-04T12:00:00.000Z,502,503
2020-12-05T12:00:00.000Z,429,469
2020-12-06T12:00:00.000Z,178,167
2020-12-07T12:00:00.000Z,268,268
2020-12-08T12:00:00.000Z,495,511
2020-12-09T12:00:00.000Z,475,474
2020-12-10T12:00:00.000Z,408,426
2020-12-11T12:00:00.000Z,447,448
2020-12-12T12:00:00.000Z,240,229
2020-12-13T12:00:00.000Z,354,372
2020-12-14T12:00:00.000Z,364,392
2020-12-15T12:00:00.000Z,276,273
2020-12-16T12:00:00.000Z,568,629
2020-12-17T12:00:00.000Z,368,367
2020-12-18T12:00:00.000Z,584,642
2020-12-19T12:00:00.000Z,712,870
2020-12-20T12:00:00.000Z,527,585
2020-12-21T12:00:00.000Z,220,224
2020-12-22T12:00:00.000Z,254,269
2020-12-23T12:00:00.000Z,196,199
2020-12-24T12:00:00.000Z,126,162
2020-12-25T12:00:00.000Z,260,316
2020-12-26T12:00:00.000Z,249,298
2020-12-27T12:00:00.000Z,53,59
2020-12-28T12:00:00.000Z,408,441
2020-12-29T12:00:00.000Z,206,212
2020-12-30T12:00:00.000Z,242,254
2020-12-31T12:00:00.000Z,178,197
2021-01-01T12:00:00.000Z,258,286
2021-01-02T12:00:00.000Z,333,365
2021-01-03T12:00:00.000Z,269,289
2021-01-04T12:00:00.000Z,229,242
2021-01-05T12:00:00.000Z,287,275
2021-01-06T12:00:00.000Z,269,302
2021-01-07T12:00:00.000Z,186,192
2021-01-08T12:00:00.000Z,181,220
2021-01-09T12:00:00.000Z,183,219
2021-01-10T12:00:00.000Z,367,338
2021-01-11T12:00:00.000Z,270,295
2021-01-12T12:00:00.000Z,255,261
2021-01-13T12:00:00.000Z,288,313
2021-01-14T12:00:00.000Z,304,307
2021-01-15T12:00:00.000Z,262,306
2021-01-16T12:00:00.000Z,274,287
2021-01-17T12:00:00.000Z,81,85
2021-01-18T12:00:00.000Z,284,311
2021-01-19T12:00:00.000Z,136,148
2021-01-20T12:00:00.000Z,423,502
2021-01-21T12:00:00.000Z,327,353
2021-01-22T12:00:00.000Z,498,514
2021-01-23T12:00:00.000Z,485,547
2021-01-24T12:00:00.000Z,67,84
2021-01-25T12:00:00.000Z,195,225
2021-01-26T12:00:00.000Z,190,186
2021-01-27T12:00:00.000Z,176,189
2021-01-28T12:00:00.000Z,140,159
2021-01-29T12:00:00.000Z,226,237
2021-01-30T12:00:00.000Z,280,263
2021-01-31T12:00:00.000Z,395,454
2021-02-01T12:00:00.000Z,255,287
2021-02-02T12:00:00.000Z,180,190
2021-02-03T12:00:00.000Z,171,171
2021-02-04T12:00:00.000Z,600,616
2021-02-05T12:00:00.000Z,485,486
2021-02-06T12:00:00.000Z,161,200
2021-02-07T12:00:00.000Z,21,28
2021-02-08T12:00:00.000Z,39,38
2021-02-09T12:00:00.000Z,35,37
2021-02-10T12:00:00.000Z,52,61
2021-02-11T12:00:00.000Z,51,59
2021-02-12T12:00:00.000Z,54,50
2021-02-13T12:00:00.000Z,32,42
2021-02-14T12:00:00.000Z,46,36
2021-02-15T12:00:00.000Z,49,56
2021-02-16T12:00:00.000Z,109,127
2021-02-17T12:00:00.000Z,303,296
2021-02-18T12:00:00.000Z,356,357
2021-02-19T12:00:00.000Z,546,568
2021-02-20T12:00:00.000Z,1116,1245
2021-02-21T12:00:00.000Z,1508,1759
2021-02-22T12:00:00.000Z,908,942
2021-02-23T12:00:00.000Z,957,1044
2021-02-24T12:00:00.000Z,1182,1288
2021-02-25T12:00:00.000Z,992,1086
2021-02-26T12:00:00.000Z,543,600
2021-02-27T12:00:00.000Z,626,698
2021-02-28T12:00:00.000Z,918,1038
2021-03-01T12:00:00.000Z,517,520
2021-03-02T12:00:00.000Z,889,1009
2021-03-03T12:00:00.000Z,985,1098
2021-03-04T12:00:00.000Z,213,227
2021-03-05T12:00:00.000Z,530,584
2021-03-06T12:00:00.000Z,567,628
2021-03-07T12:00:00.000Z,589,593
2021-03-08T12:00:00.000Z,309,313
2021-03-09T12:00:00.000Z,221,250
2021-03-10T12:00:00.000Z,496,545
2021-03-11T12:00:00.000Z,227,217
2021-03-12T12:00:00.000Z,313,343
2021-03-13T12:00:00.000Z,113,122
2021-03-14T12:00:00.000Z,232,219
2021-03-15T12:00:00.000Z,355,389
2021-03-16T12:00:00.000Z,454,504
2021-03-17T12:00:00.000Z,471,487
2021-03-18T12:00:00.000Z,450,468
2021-03-19T12:00:00.000Z,571,622
2021-03-20T12:00:00.000Z,549,616
2021-03-21T12:00:00.000Z,376,409
2021-03-22T12:00:00.000Z,493,534
2021-03-23T12:00:00.000Z,669,715
2021-03-24T12:00:00.000Z,970,1016
2021-03-25T12:00:00.000Z,716,756
2021-03-26T12:00:00.000Z,899,979
2021-03-27T12:00:00.000Z,197,198
2021-03-28T12:00:00.000Z,670,728
2021-03-29T12:00:00.000Z,1051,1171
2021-03-30T12:00:00.000Z,1257,1526
2021-03-31T12:00:00.000Z,1264,1459
2021-04-01T12:00:00.000Z,1003,1101
2021-04-02T12:00:00.000Z,609,647
2021-04-03T12:00:00.000Z,632,679
2021-04-04T12:00:00.000Z,396,400
2021-04-05T12:00:00.000Z,98,86
2021-04-06T12:00:00.000Z,102,126
2021-04-07T12:00:00.000Z,91,101
2021-04-08T12:00:00.000Z,396,450
2021-04-09T12:00:00.000Z,732,835
2021-04-10T12:00:00.000Z,195,207
2021-04-11T12:00:00.000Z,131,147
2021-04-12T12:00:00.000Z,436,474
2021-04-13T12:00:00.000Z,526,537
2021-04-14T12:00:00.000Z,484,518
2021-04-15T12:00:00.000Z,612,672
2021-04-16T12:00:00.000Z,717,786
2021-04-17T12:00:00.000Z,837,977
2021-04-18T12:00:00.000Z,907,979
2021-04-19T12:00:00.000Z,590,630
2021-04-20T12:00:00.000Z,1031,1128
2021-04-21T12:00:00.000Z,928,1006
2021-04-22T12:00:00.000Z,864,933
2021-04-23T12:00:00.000Z,946,1022
2021-04-24T12:00:00.000Z,897,980
2021-04-25T12:00:00.000Z,1064,1107
2021-04-26T12:00:00.000Z,914,1004
2021-04-27T12:00:00.000Z,1132,1206
2021-04-28T12:00:00.000Z,1143,1340
2021-04-29T12:00:00.000Z,428,506
2021-04-30T12:00:00.000Z,560,612
2021-05-01T12:00:00.000Z,1190,1273
2021-05-02T12:00:00.000Z,730,723
2021-05-03T12:00:00.000Z,711,818
2021-05-04T12:00:00.000Z,210,226
2021-05-05T12:00:00.000Z,284,312
2021-05-06T12:00:00.000Z,553,563
2021-05-07T12:00:00.000Z,560,593
2021-05-08T12:00:00.000Z,672,722
2021-05-09T12:00:00.000Z,1563,1813
2021-05-10T12:00:00.000Z,777,914
2021-05-11T12:00:00.000Z,442,461
2021-05-12T12:00:00.000Z,809,895
2021-05-13T12:00:00.000Z,1294,1512
2021-05-14T12:00:00.000Z,856,982
2021-05-15T12:00:00.000Z,343,407
2021-05-16T12:00:00.000Z,526,602
2021-05-17T12:00:00.000Z,378,418
2021-05-18T12:00:00.000Z,336,348
2021-05-19T12:00:00.000Z,550,619
2021-05-20T12:00:00.000Z,902,1010
2021-05-21T12:00:00.000Z,742,882
2021-05-22T12:00:00.000Z,138,170
2021-05-23T12:00:00.000Z,852,830
2021-05-24T12:00:00.000Z,584,697
2021-05-25T12:00:00.000Z,186,186
2021-05-26T12:00:00.000Z,460,527
2021-05-27T12:00:00.000Z,225,208
2021-05-28T12:00:00.000Z,1042,1144
2021-05-29T12:00:00.000Z,1030,1173
2021-05-30T12:00:00.000Z,1610,1859
2021-05-31T12:00:00.000Z,1249,1395
2021-06-01T12:00:00.000Z,1292,1456
2021-06-02T12:00:00.000Z,1307,1436
2021-06-03T12:00:00.000Z,823,958
2021-06-04T12:00:00.000Z,758,797
2021-06-05T12:00:00.000Z,479,525
2021-06-06T12:00:00.000Z,739,765
2021-06-07T12:00:00.000Z,937,1022
2021-06-08T12:00:00.000Z,1227,1345
2021-06-09T12:00:00.000Z,1307,1448
2021-06-10T12:00:00.000Z,1324,1451
2021-06-11T12:00:00.000Z,1180,1291
2021-06-12T12:00:00.000Z,820,895
2021-06-13T12:00:00.000Z,1345,1593
2021-06-14T12:00:00.000Z,1167,1357
2021-06-15T12:00:00.000Z,1261,1429
2021-06-16T12:00:00.000Z,1193,1356
2021-06-17T12:00:00.000Z,996,1045
2021-06-18T12:00:00.000Z,892,924
2021-06-19T12:00:00.000Z,821,1060
2021-06-20T12:00:00.000Z,970,1127
2021-06-21T12:00:00.000Z,550,596
2021-06-22T12:00:00.000Z,717,764
2021-06-23T12:00:00.000Z,965,1018
2021-06-24T12:00:00.000Z,935,981
2021-06-25T12:00:00.000Z,1061,1095
2021-06-26T12:00:00.000Z,943,1106
2021-06-27T12:00:00.000Z,1105,1281
2021-06-28T12:00:00.000Z,796,860
2021-06-29T12:00:00.000Z,707,759
2021-06-30T12:00:00.000Z,598,644
2021-07-01T12:00:00.000Z,364,357
2021-07-02T12:00:00.000Z,829,934
2021-07-03T12:00:00.000Z,900,1062
2021-07-04T12:00:00.000Z,385,401
2021-07-05T12:00:00.000Z,463,504
2021-07-06T12:00:00.000Z,572,636
2021-07-07T12:00:00.000Z,974,1078
2021-07-08T12:00:00.000Z,458,429
2021-07-09T12:00:00.000Z,564,649
2021-07-10T12:00:00.000Z,737,909
2021-07-11T12:00:00.000Z,768,873
2021-07-12T12:00:00.000Z,860,941
2021-07-13T12:00:00.000Z,301,298
2021-07-14T12:00:00.000Z,107,105
2021-07-15T12:00:00.000Z,523,557
2021-07-16T12:00:00.000Z,509,536
2021-07-17T12:00:00.000Z,760,865
2021-07-18T12:00:00.000Z,1078,1188
2021-07-19T12:00:00.000Z,729,766
2021-07-20T12:00:00.000Z,875,937
2021-07-21T12:00:00.000Z,817,871
2021-07-22T12:00:00.000Z,799,873
2021-07-23T12:00:00.000Z,930,947
2021-07-24T12:00:00.000Z,508,526
2021-07-25T12:00:00.000Z,936,1054
2021-07-26T12:00:00.000Z,644,704
2021-07-27T12:00:00.000Z,461,479
2021-07-28T12:00:00.000Z,573,614
2021-07-29T12:00:00.000Z,758,829
2021-07-30T12:00:00.000Z,723,789
2021-07-31T12:00:00.000Z,404,487
2021-08-01T12:00:00.000Z,755,785
2021-08-02T12:00:00.000Z,606,659
2021-08-03T12:00:00.000Z,461,500
2021-08-04T12:00:00.000Z,741,847
2021-08-05T12:00:00.000Z,716,799
2021-08-06T12:00:00.000Z,414,478
2021-08-07T12:00:00.000Z,505,557
2021-08-08T12:00:00.000Z,589,729
2021-08-09T12:00:00.000Z,505,626
2021-08-10T12:00:00.000Z,491,493
2021-08-11T12:00:00.000Z,1025,1137
2021-08-12T12:00:00.000Z,1007,1115
2021-08-13T12:00:00.000Z,898,966
2021-08-14T12:00:00.000Z,914,1126
2021-08-15T12:00:00.000Z,999,1235
2021-08-16T12:00:00.000Z,369,399
2021-08-17T12:00:00.000Z,415,464
2021-08-18T12:00:00.000Z,604,690
2021-08-19T12:00:00.000Z,625,692
2021-08-20T12:00:00.000Z,982,1038
2021-08-21T12:00:00.000Z,972,1188
2021-08-22T12:00:00.000Z,663,750
2021-08-23T12:00:00.000Z,768,833
2021-08-24T12:00:00.000Z,1203,1327
2021-08-25T12:00:00.000Z,1181,1327
2021-08-26T12:00:00.000Z,648,676
2021-08-27T12:00:00.000Z,586,645
2021-08-28T12:00:00.000Z,249,253
2021-08-29T12:00:00.000Z,134,131
2021-08-30T12:00:00.000Z,740,797
2021-08-31T12:00:00.000Z,1028,1121
2021-09-01T12:00:00.000Z,876,938
2021-09-02T12:00:00.000Z,1068,1207
2021-09-03T12:00:00.000Z,1073,1207
2021-09-04T12:00:00.000Z,745,883
2021-09-05T12:00:00.000Z,1062,1267
2021-09-06T12:00:00.000Z,1124,1202
2021-09-07T12:00:00.000Z,1162,1240
2021-09-08T12:00:00.000Z,1285,1397
2021-09-09T12:00:00.000Z,923,976
2021-09-10T12:00:00.000Z,592,607
2021-09-11T12:00:00.000Z,484,502
2021-09-12T12:00:00.000Z,954,1136
2021-09-13T12:00:00.000Z,1087,1154
2021-09-14T12:00:00.000Z,1081,1137
2021-09-15T12:00:00.000Z,541,560
2021-09-16T12:00:00.000Z,789,851
2021-09-17T12:00:00.000Z,878,952
2021-09-18T12:00:00.000Z,734,870
2021-09-19T12:00:00.000Z,715,730
2021-09-20T12:00:00.000Z,843,922
2021-09-21T12:00:00.000Z,962,1063
2021-09-22T12:00:00.000Z,990,1107
2021-09-23T12:00:00.000Z,910,943
2021-09-24T12:00:00.000Z,676,718
2021-09-25T12:00:00.000Z,711,891
2021-09-26T12:00:00.000Z,893,954
2021-09-27T12:00:00.000Z,763,774
2021-09-28T12:00:00.000Z,983,1031
2021-09-29T12:00:00.000Z,514,527
2021-09-30T12:00:00.000Z,748,795
2021-10-01T12:00:00.000Z,741,817
2021-10-02T12:00:00.000Z,418,446
2021-10-03T12:00:00.000Z,74,75
2021-10-04T12:00:00.000Z,806,898
2021-10-05T12:00:00.000Z,669,695
2021-10-06T12:00:00.000Z,371,356
2021-10-07T12:00:00.000Z,693,775
2021-10-08T12:00:00.000Z,808,881
2021-10-09T12:00:00.000Z,696,762
2021-10-10T12:00:00.000Z,772,838
2021-10-11T12:00:00.000Z,346,394
2021-10-12T12:00:00.000Z,253,280
2021-10-13T12:00:00.000Z,403,425
2021-10-14T12:00:00.000Z,324,321
2021-10-15T12:00:00.000Z,306,369
2021-10-16T12:00:00.000Z,393,393
2021-10-17T12:00:00.000Z,424,439
2021-10-18T12:00:00.000Z,581,652
2021-10-19T12:00:00.000Z,285,279
2021-10-20T12:00:00.000Z,350,371
2021-10-21T12:00:00.000Z,114,109
2021-10-22T12:00:00.000Z,267,261
2021-10-23T12:00:00.000Z,392,454
2021-10-24T12:00:00.000Z,717,808
2021-10-25T12:00:00.000Z,507,528
2021-10-26T12:00:00.000Z,618,628
2021-10-27T12:00:00.000Z,816,825
2021-10-28T12:00:00.000Z,881,880
2021-10-29T12:00:00.000Z,734,828
2021-10-30T12:00:00.000Z,147,171
2021-10-31T12:00:00.000Z,511,543
2021-11-01T12:00:00.000Z,508,568
2021-11-02T12:00:00.000Z,539,532
2021-11-03T12:00:00.000Z,476,467
2021-11-04T12:00:00.000Z,482,471
2021-11-05T12:00:00.000Z,530,570
2021-11-06T12:00:00.000Z,429,460
2021-11-07T12:00:00.000Z,228,264
2021-11-08T12:00:00.000Z,570,616
2021-11-09T12:00:00.000Z,699,753
2021-11-10T12:00:00.000Z,649,708
2021-11-11T12:00:00.000Z,554,581
2021-11-12T12:00:00.000Z,583,645
2021-11-13T12:00:00.000Z,178,194
2021-11-14T12:00:00.000Z,394,370
2021-11-15T12:00:00.000Z,567,560
2021-11-16T12:00:00.000Z,477,493
2021-11-17T12:00:00.000Z,458,460
2021-11-18T12:00:00.000Z,571,596
2021-11-19T12:00:00.000Z,405,412
2021-11-20T12:00:00.000Z,289,309
2021-11-21T12:00:00.000Z,192,213
2021-11-22T12:00:00.000Z,576,602
2021-11-23T12:00:00.000Z,409,407
2021-11-24T12:00:00.000Z,500,500
2021-11-25T12:00:00.000Z,420,474
2021-11-26T12:00:00.000Z,289,277
2021-11-27T12:00:00.000Z,235,269
2021-11-28T12:00:00.000Z,182,209
2021-11-29T12:00:00.000Z,343,316
2021-11-30T12:00:00.000Z,212,205
2021-12-01T12:00:00.000Z,244,231
2021-12-02T12:00:00.000Z,313,324
2021-12-03T12:00:00.000Z,364,361
2021-12-04T12:00:00.000Z,175,189
2021-12-05T12:00:00.000Z,185,216
2021-12-06T12:00:00.000Z,359,366
2021-12-07T12:00:00.000Z,386,411
2021-12-08T12:00:00.000Z,411,429
2021-12-09T12:00:00.000Z,356,369
2021-12-10T12:00:00.000Z,381,392
2021-12-11T12:00:00.000Z,157,161
2021-12-12T12:00:00.000Z,87,112
2021-12-13T12:00:00.000Z,449,446
2021-12-14T12:00:00.000Z,404,436
2021-12-15T12:00:00.000Z,400,415
2021-12-16T12:00:00.000Z,414,453
2021-12-17T12:00:00.000Z,407,438
2021-12-18T12:00:00.000Z,196,204
2021-12-19T12:00:00.000Z,191,204
2021-12-20T12:00:00.000Z,487,483
2021-12-21T12:00:00.000Z,357,367
2021-12-22T12:00:00.000Z,298,314
2021-12-23T12:00:00.000Z,289,299
2021-12-24T12:00:00.000Z,109,113
2021-12-25T12:00:00.000Z,74,90
2021-12-26T12:00:00.000Z,113,134
2021-12-27T12:00:00.000Z,267,300
2021-12-28T12:00:00.000Z,127,158
2021-12-29T12:00:00.000Z,169,185
2021-12-30T12:00:00.000Z,183,201
2021-12-31T12:00:00.000Z,356,422
2022-01-01T12:00:00.000Z,364,444
2022-01-02T12:00:00.000Z,221,251
2022-01-03T12:00:00.000Z,215,260
2022-01-04T12:00:00.000Z,166,180
2022-01-05T12:00:00.000Z,133,137
2022-01-06T12:00:00.000Z,342,386
2022-01-07T12:00:00.000Z,141,148
2022-01-08T12:00:00.000Z,202,178
2022-01-09T12:00:00.000Z,220,246
2022-01-10T12:00:00.000Z,458,440
2022-01-11T12:00:00.000Z,392,420
2022-01-12T12:00:00.000Z,384,400
2022-01-13T12:00:00.000Z,459,445
2022-01-14T12:00:00.000Z,335,352
2022-01-15T12:00:00.000Z,240,245
2022-01-16T12:00:00.000Z,229,247
2022-01-17T12:00:00.000Z,370,371
2022-01-18T12:00:00.000Z,489,521
2022-01-19T12:00:00.000Z,388,384
2022-01-20T12:00:00.000Z,319,321
2022-01-21T12:00:00.000Z,323,329
2022-01-22T12:00:00.000Z,136,145
2022-01-23T12:00:00.000Z,313,314
2022-01-24T12:00:00.000Z,494,500
2022-01-25T12:00:00.000Z,418,456
2022-01-26T12:00:00.000Z,384,409
2022-01-27T12:00:00.000Z,241,241
2022-01-28T12:00:00.000Z,411,436
2022-01-29T12:00:00.000Z,132,141
2022-01-30T12:00:00.000Z,462,522
2022-01-31T12:00:00.000Z,169,155
2022-02-01T12:00:00.000Z,239,242
2022-02-02T12:00:00.000Z,441,466
2022-02-03T12:00:00.000Z,346,354
2022-02-04T12:00:00.000Z,328,349
2022-02-05T12:00:00.000Z,355,400
2022-02-06T12:00:00.000Z,36,41
2022-02-07T12:00:00.000Z,431,422
2022-02-08T12:00:00.000Z,396,410
2022-02-09T12:00:00.000Z,504,503
2022-02-10T12:00:00.000Z,326,333
2022-02-11T12:00:00.000Z,369,382
2022-02-12T12:00:00.000Z,429,483
2022-02-13T12:00:00.000Z,475,578
2022-02-14T12:00:00.000Z,449,481
2022-02-15T12:00:00.000Z,460,479
2022-02-16T12:00:00.000Z,215,209
2022-02-17T12:00:00.000Z,121,100
2022-02-18T12:00:00.000Z,221,200
2022-02-19T12:00:00.000Z,252,261
2022-02-20T12:00:00.000Z,52,58
2022-02-21T12:00:00.000Z,87,135
2022-02-22T12:00:00.000Z,191,203
2022-02-23T12:00:00.000Z,748,744
2022-02-24T12:00:00.000Z,367,385
2022-02-25T12:00:00.000Z,268,258
2022-02-26T12:00:00.000Z,416,428
2022-02-27T12:00:00.000Z,704,678
2022-02-28T12:00:00.000Z,636,615
2022-03-01T12:00:00.000Z,474,490
2022-03-02T12:00:00.000Z,795,773
2022-03-03T12:00:00.000Z,706,725
2022-03-04T12:00:00.000Z,725,697
2022-03-05T12:00:00.000Z,618,623
2022-03-06T12:00:00.000Z,445,505
2022-03-07T12:00:00.000Z,555,587
2022-03-08T12:00:00.000Z,722,742
2022-03-09T12:00:00.000Z,801,846
2022-03-10T12:00:00.000Z,908,972
2022-03-11T12:00:00.000Z,798,866
2022-03-12T12:00:00.000Z,639,743
2022-03-13T12:00:00.000Z,1002,1068
2022-03-14T12:00:00.000Z,478,496
2022-03-15T12:00:00.000Z,600,600
2022-03-16T12:00:00.000Z,898,935
2022-03-17T12:00:00.000Z,462,470
2022-03-18T12:00:00.000Z,914,960
2022-03-19T12:00:00.000Z,667,685
2022-03-20T12:00:00.000Z,531,518
2022-03-21T12:00:00.000Z,924,1057
2022-03-22T12:00:00.000Z,1071,1131
2022-03-23T12:00:00.000Z,1062,1201
2022-03-24T12:00:00.000Z,957,1054
2022-03-25T12:00:00.000Z,929,997
2022-03-26T12:00:00.000Z,878,946
2022-03-27T12:00:00.000Z,939,990
2022-03-28T12:00:00.000Z,977,1075
2022-03-29T12:00:00.000Z,687,694
2022-03-30T12:00:00.000Z,795,830
2022-03-31T12:00:00.000Z,270,269
2022-04-01T12:00:00.000Z,275,272
2022-04-02T12:00:00.000Z,107,119
2022-04-03T12:00:00.000Z,270,318
2022-04-04T12:00:00.000Z,304,306
2022-04-05T12:00:00.000Z,233,235
2022-04-06T12:00:00.000Z,413,456
2022-04-07T12:00:00.000Z,234,226
2022-04-08T12:00:00.000Z,472,475
2022-04-09T12:00:00.000Z,172,160
2022-04-10T12:00:00.000Z,450,496
2022-04-11T12:00:00.000Z,644,689
2022-04-12T12:00:00.000Z,869,1006
2022-04-13T12:00:00.000Z,745,821
2022-04-14T12:00:00.000Z,496,565
2022-04-15T12:00:00.000Z,515,541
2022-04-16T12:00:00.000Z,559,635
2022-04-17T12:00:00.000Z,680,762
2022-04-18T12:00:00.000Z,901,1133
2022-04-19T12:00:00.000Z,774,827
2022-04-20T12:00:00.000Z,759,832
2022-04-21T12:00:00.000Z,673,738
2022-04-22T12:00:00.000Z,533,604
2022-04-23T12:00:00.000Z,672,747
2022-04-24T12:00:00.000Z,958,1049
2022-04-25T12:00:00.000Z,454,450
2022-04-26T12:00:00.000Z,553,549
2022-04-27T12:00:00.000Z,930,1040
2022-04-28T12:00:00.000Z,1056,1170
2022-04-29T12:00:00.000Z,778,777
2022-04-30T12:00:00.000Z,551,592
2022-05-01T12:00:00.000Z,669,803
2022-05-02T12:00:00.000Z,895,980
2022-05-03T12:00:00.000Z,1076,1160
2022-05-04T12:00:00.000Z,1034,1118
2022-05-05T12:00:00.000Z,869,966
2022-05-06T12:00:00.000Z,1136,1129
2022-05-07T12:00:00.000Z,625,684
2022-05-08T12:00:00.000Z,854,901
2022-05-09T12:00:00.000Z,1074,1173
2022-05-10T12:00:00.000Z,1109,1223
2022-05-11T12:00:00.000Z,1200,1366
2022-05-12T12:00:00.000Z,861,963
2022-05-13T12:00:00.000Z,934,984
2022-05-14T12:00:00.000Z,814,951
2022-05-15T12:00:00.000Z,1258,1414
2022-05-16T12:00:00.000Z,559,559
2022-05-17T12:00:00.000Z,861,927
2022-05-18T12:00:00.000Z,1177,1341
2022-05-19T12:00:00.000Z,626,622
2022-05-20T12:00:00.000Z,467,486
2022-05-21T12:00:00.000Z,481,570
2022-05-22T12:00:00.000Z,1153,1281
2022-05-23T12:00:00.000Z,518,551
2022-05-24T12:00:00.000Z,542,522
2022-05-25T12:00:00.000Z,942,1043
2022-05-26T12:00:00.000Z,780,782
2022-05-27T12:00:00.000Z,540,570
2022-05-28T12:00:00.000Z,561,644
2022-05-29T12:00:00.000Z,215,238
2022-05-30T12:00:00.000Z,724,769
2022-05-31T12:00:00.000Z,659,659
2022-06-01T12:00:00.000Z,710,755
2022-06-02T12:00:00.000Z,978,1068
2022-06-03T12:00:00.000Z,943,966
2022-06-04T12:00:00.000Z,729,878
2022-06-05T12:00:00.000Z,305,301
2022-06-06T12:00:00.000Z,799,871
2022-06-07T12:00:00.000Z,605,642
2022-06-08T12:00:00.000Z,502,481
2022-06-09T12:00:00.000Z,511,551
2022-06-10T12:00:00.000Z,879,967
2022-06-11T12:00:00.000Z,685,890
2022-06-12T12:00:00.000Z,1118,1244
2022-06-13T12:00:00.000Z,713,734
2022-06-14T12:00:00.000Z,1035,1099
2022-06-15T12:00:00.000Z,1056,1185
2022-06-16T12:00:00.000Z,1180,1446
2022-06-17T12:00:00.000Z,855,962
2022-06-18T12:00:00.000Z,632,754
2022-06-19T12:00:00.000Z,822,899
2022-06-20T12:00:00.000Z,693,718
2022-06-21T12:00:00.000Z,1032,1069
2022-06-22T12:00:00.000Z,1096,1197
2022-06-23T12:00:00.000Z,912,1012
2022-06-24T12:00:00.000Z,435,435
2022-06-25T12:00:00.000Z,785,905
2022-06-26T12:00:00.000Z,572,633
2022-06-27T12:00:00.000Z,412,441
2022-06-28T12:00:00.000Z,930,1020
2022-06-29T12:00:00.000Z,880,974
2022-06-30T12:00:00.000Z,707,786
2022-07-01T12:00:00.000Z,560,657
2022-07-02T12:00:00.000Z,834,959
2022-07-03T12:00:00.000Z,952,1153
2022-07-04T12:00:00.000Z,792,909
2022-07-05T12:00:00.000Z,796,911
2022-07-06T12:00:00.000Z,848,874
2022-07-07T12:00:00.000Z,347,378
2022-07-08T12:00:00.000Z,692,672
2022-07-09T12:00:00.000Z,550,647
2022-07-10T12:00:00.000Z,435,515
2022-07-11T12:00:00.000Z,670,737
2022-07-12T12:00:00.000Z,895,1006
2022-07-13T12:00:00.000Z,738,905
2022-07-14T12:00:00.000Z,856,949
2022-07-15T12:00:00.000Z,629,744
2022-07-16T12:00:00.000Z,704,806
2022-07-17T12:00:00.000Z,1002,1136
2022-07-18T12:00:00.000Z,727,790
2022-07-19T12:00:00.000Z,558,670
2022-07-20T12:00:00.000Z,516,582
2022-07-21T12:00:00.000Z,274,259
2022-07-22T12:00:00.000Z,599,676
2022-07-23T12:00:00.000Z,679,854
2022-07-24T12:00:00.000Z,901,1075
2022-07-25T12:00:00.000Z,654,725
2022-07-26T12:00:00.000Z,537,557
2022-07-27T12:00:00.000Z,771,908
2022-07-28T12:00:00.000Z,788,899
2022-07-29T12:00:00.000Z,579,610
2022-07-30T12:00:00.000Z,759,916
2022-07-31T12:00:00.000Z,621,714
2022-08-01T12:00:00.000Z,657,676
2022-08-02T12:00:00.000Z,892,1083
2022-08-03T12:00:00.000Z,984,1063
2022-08-04T12:00:00.000Z,768,884
2022-08-05T12:00:00.000Z,500,492
2022-08-06T12:00:00.000Z,953,1077
2022-08-07T12:00:00.000Z,1101,1295
2022-08-08T12:00:00.000Z,958,1057
2022-08-09T12:00:00.000Z,1055,1173
2022-08-10T12:00:00.000Z,1211,1258
2022-08-11T12:00:00.000Z,1148,1207
2022-08-12T12:00:00.000Z,1108,1164
2022-08-13T12:00:00.000Z,797,869
2022-08-14T12:00:00.000Z,923,1026
2022-08-15T12:00:00.000Z,1033,1059
2022-08-16T12:00:00.000Z,1219,1258
2022-08-17T12:00:00.000Z,1021,1071
2022-08-18T12:00:00.000Z,1002,1027
2022-08-19T12:00:00.000Z,1038,1126
2022-08-20T12:00:00.000Z,684,728
2022-08-21T12:00:00.000Z,1194,1268
2022-08-22T12:00:00.000Z,1055,1144
2022-08-23T12:00:00.000Z,1163,1241
2022-08-24T12:00:00.000Z,1107,1219
2022-08-25T12:00:00.000Z,1025,1150
2022-08-26T12:00:00.000Z,830,900
2022-10-11T12:00:00.000Z,301,351
2022-10-12T12:00:00.000Z,610,662
2022-10-13T12:00:00.000Z,370,380
2022-10-14T12:00:00.000Z,270,271
2022-10-15T12:00:00.000Z,319,330
2022-10-16T12:00:00.000Z,661,796
2022-10-17T12:00:00.000Z,509,546
2022-10-18T12:00:00.000Z,673,778
2022-10-19T12:00:00.000Z,788,858
2022-10-20T12:00:00.000Z,552,580
2022-10-21T12:00:00.000Z,508,506
2022-10-22T12:00:00.000Z,435,494
2022-10-23T12:00:00.000Z,659,709
2022-10-24T12:00:00.000Z,635,654
2022-10-25T12:00:00.000Z,715,758
2022-10-26T12:00:00.000Z,891,917
2022-10-27T12:00:00.000Z,889,969
2022-10-28T12:00:00.000Z,873,996
2022-10-29T12:00:00.000Z,582,661
2022-10-30T12:00:00.000Z,858,1051
2022-10-31T12:00:00.000Z,763,836
2022-11-01T12:00:00.000Z,705,804
2022-11-02T12:00:00.000Z,717,774
2022-11-03T12:00:00.000Z,596,621
2022-11-04T12:00:00.000Z,543,541
2022-11-05T12:00:00.000Z,429,491
2022-11-06T12:00:00.000Z,378,430
2022-11-07T12:00:00.000Z,331,293
2022-11-08T12:00:00.000Z,183,181
2022-11-09T12:00:00.000Z,33,58
2022-11-10T12:00:00.000Z,33,64
2022-11-11T12:00:00.000Z,184,148
2022-11-12T12:00:00.000Z,455,493
2022-11-13T12:00:00.000Z,575,696
2022-11-14T12:00:00.000Z,586,589
2022-11-15T12:00:00.000Z,643,688
2022-11-16T12:00:00.000Z,502,574
2022-11-17T12:00:00.000Z,300,311
2022-11-18T12:00:00.000Z,470,483
2022-11-19T12:00:00.000Z,195,212
2022-11-20T12:00:00.000Z,151,154
2022-11-21T12:00:00.000Z,440,440
2022-11-22T12:00:00.000Z,496,490
2022-11-23T12:00:00.000Z,431,464
2022-11-24T12:00:00.000Z,458,477
2022-11-25T12:00:00.000Z,353,370
2022-11-26T12:00:00.000Z,279,331
2022-11-27T12:00:00.000Z,184,225
2022-11-28T12:00:00.000Z,375,379
2022-11-29T12:00:00.000Z,432,470
2022-11-30T12:00:00.000Z,432,424
2022-12-01T12:00:00.000Z,412,412
2022-12-02T12:00:00.000Z,369,401
2022-12-03T12:00:00.000Z,187,186
2022-12-04T12:00:00.000Z,156,185
2022-12-05T12:00:00.000Z,229,218
2022-12-06T12:00:00.000Z,310,309
2022-12-07T12:00:00.000Z,384,424
2022-12-08T12:00:00.000Z,219,236
2022-12-09T12:00:00.000Z,365,362
2022-12-10T12:00:00.000Z,122,133
2022-12-11T12:00:00.000Z,106,133
2022-12-12T12:00:00.000Z,388,387
2022-12-13T12:00:00.000Z,313,316
2022-12-14T12:00:00.000Z,284,306
2022-12-15T12:00:00.000Z,307,308
2022-12-16T12:00:00.000Z,259,279
2022-12-17T12:00:00.000Z,92,88
2022-12-18T12:00:00.000Z,77,84
2022-12-19T12:00:00.000Z,219,222
2022-12-20T12:00:00.000Z,270,291
2022-12-21T12:00:00.000Z,285,290
2022-12-22T12:00:00.000Z,240,252
2022-12-23T12:00:00.000Z,133,128
2022-12-24T12:00:00.000Z,121,144
2022-12-25T12:00:00.000Z,56,59
2022-12-26T12:00:00.000Z,104,140
2022-12-27T12:00:00.000Z,260,284
2022-12-28T12:00:00.000Z,98,105
2022-12-29T12:00:00.000Z,172,193
2022-12-30T12:00:00.000Z,156,171
2022-12-31T12:00:00.000Z,101,140
2023-01-01T12:00:00.000Z,185,206
2023-01-02T12:00:00.000Z,148,156
2023-01-03T12:00:00.000Z,378,396
2023-01-04T12:00:00.000Z,139,138
2023-01-05T12:00:00.000Z,243,246
2023-01-06T12:00:00.000Z,199,224
2023-01-07T12:00:00.000Z,363,441
2023-01-08T12:00:00.000Z,346,375
2023-01-09T12:00:00.000Z,368,370
2023-01-10T12:00:00.000Z,461,477
2023-01-11T12:00:00.000Z,322,346
2023-01-12T12:00:00.000Z,174,177
2023-01-13T12:00:00.000Z,318,334
2023-01-14T12:00:00.000Z,68,57
2023-01-15T12:00:00.000Z,224,244
2023-01-16T12:00:00.000Z,320,293
2023-01-17T12:00:00.000Z,410,380
2023-01-18T12:00:00.000Z,381,395
2023-01-19T12:00:00.000Z,194,195
2023-01-20T12:00:00.000Z,290,270
2023-01-21T12:00:00.000Z,163,171
2023-01-22T12:00:00.000Z,61,69
2023-01-23T12:00:00.000Z,385,368
2023-01-24T12:00:00.000Z,347,349
2023-01-25T12:00:00.000Z,345,360
2023-01-26T12:00:00.000Z,245,268
2023-01-27T12:00:00.000Z,307,317
2023-01-28T12:00:00.000Z,154,173
2023-01-29T12:00:00.000Z,140,132
2023-01-30T12:00:00.000Z,331,310
2023-01-31T12:00:00.000Z,364,350
2023-02-01T12:00:00.000Z,383,349
2023-02-02T12:00:00.000Z,216,207
2023-02-03T12:00:00.000Z,304,321
2023-02-04T12:00:00.000Z,372,395
2023-02-05T12:00:00.000Z,78,87
2023-02-06T12:00:00.000Z,407,404
2023-02-07T12:00:00.000Z,434,462
2023-02-08T12:00:00.000Z,524,539
2023-02-09T12:00:00.000Z,427,438
2023-02-10T12:00:00.000Z,417,400
2023-02-11T12:00:00.000Z,212,224
2023-02-12T12:00:00.000Z,313,371
2023-02-13T12:00:00.000Z,653,700
2023-02-14T12:00:00.000Z,855,892
2023-02-15T12:00:00.000Z,707,733
2023-02-16T12:00:00.000Z,440,460
2023-02-17T12:00:00.000Z,332,360
2023-02-18T12:00:00.000Z,129,120
2023-02-19T12:00:00.000Z,157,169
2023-02-20T12:00:00.000Z,304,333
2023-02-21T12:00:00.000Z,364,389
2023-02-22T12:00:00.000Z,525,568
2023-02-23T12:00:00.000Z,327,345
2023-02-24T12:00:00.000Z,308,312
2023-02-25T12:00:00.000Z,212,240
2023-02-26T12:00:00.000Z,284,314
2023-02-27T12:00:00.000Z,439,447
2023-02-28T12:00:00.000Z,599,628
2023-03-01T12:00:00.000Z,472,512
2023-03-02T12:00:00.000Z,529,552
2023-03-03T12:00:00.000Z,499,542
2023-03-04T12:00:00.000Z,249,274
2023-03-05T12:00:00.000Z,160,172
2023-03-06T12:00:00.000Z,374,388
2023-03-07T12:00:00.000Z,213,225
2023-03-08T12:00:00.000Z,222,214
2023-03-09T12:00:00.000Z,244,239
2023-03-10T12:00:00.000Z,225,237
2023-03-11T12:00:00.000Z,323,318
2023-03-12T12:00:00.000Z,150,168
2023-03-13T12:00:00.000Z,432,449
2023-03-14T12:00:00.000Z,285,312
2023-03-15T12:00:00.000Z,499,511
2023-03-16T12:00:00.000Z,504,532
2023-03-17T12:00:00.000Z,709,744
2023-03-18T12:00:00.000Z,490,540
2023-03-19T12:00:00.000Z,304,294
2023-03-20T12:00:00.000Z,496,535
2023-03-21T12:00:00.000Z,540,582
2023-03-22T12:00:00.000Z,537,581
